id_unidade;Nome_Fantasia;SUS;Coord
2077396;HOSPITAL DE BASE DE SAO JOSE DO RIO PRETO;S;-20.828160368035164, -49.39757360284852
6270131;UPA JAGUARE;S;-20.777116305694612, -49.3663881299944
2097613;HOSPITAL INFANTE D HENRIQUE;S;-20.822334342082787, -49.390358198560946
2052474;UNIMED SJRPRETO COOPERATIVA DE TRABALHO MEDICO;S;-20.81923087345461, -49.39775730431958
7706766;UPA TANGARA ESTORIL;S;-20.839732303564183, -49.37452360605708
2097117;HOSPITAL AUSTA SAO JOSE DO RIO PRETO;N;-20.822843020780837, -49.365022892913025
2758350;LABORATORIO TAJARA FILIAL SAO JOSE DO RIO PRETO;N;-20.818556031506883, -49.38715904939191
4376439;HOSPITAL RIO PRETO;N;-20.84247684477463, -49.40195550573813
6270107;UPA SANTO ANTONIO;S;-20.762282600566884, -49.396571510791404
6270093;UPA NORTE;S;-20.777570149719576, -49.40325160420603
2797844;HOSPITAL SANTA HELENA;N;-20.816142902677182, -49.384400786668664
2096781;UBS VILA TONINHO;S;-20.84379448075124, -49.34513060791007
2097125;LABORCLIN;N;-20.820926567977555, -49.389634675368406
2798298;SANTA CASA DE MISERICORDIA;S;-20.80379773122758, -49.386651100162645
2097028;UBS PARQUE INDUSTRIAL;S;-20.797898010517216, -49.386546461877664
4510968;TELEMEDICINA SJRP;S;-20.79807380231693, -49.37779423557674
2096986;UBS VETORAZZO;S;-20.797574006322655, -49.41212546317031
2096862;UBS TALHADO;S;-20.709393633033308, -49.29480035220496
6270123;PRONTO SOCORRO VILA TONINHO;S;-20.843960013690264, -49.34458789202489
2096919;UBS SAO DEOCLECIANO;S;-20.79163808266322, -49.34400207929699
2804832;ULTRA X;N;-20.81791798769489, -49.387042302975416
2096846;UBS ANCHIETA;S;-20.785649619706145, -49.37273117536958
2096749;UBS CENTRAL;S;-20.80812528998133, -49.37526957219867
6383106;UBS CAIC CRISTO REI;S;-20.825328488869996, -49.35193230242716
2705680;UBS SANTO ANTONIO;S;-20.76204461658851, -49.39644000420655
2097087;UBS SOLIDERIEDADE;S;-20.748589633354324, -49.36214232900996
2758288;UBS ESTORIL HIGIENOPOLIS;S;-20.839627080754436, -49.38336817536786
2097109;UBS CIDADANIA;S;-20.75191724692696, -49.406029252651166
2705451;LABORARIO DR TAJARA;N;-20.845710848015706, -49.394628804203585
3409740;UBS JARDIM MARIA LUCIA;S;-20.76851212736132, -49.41035469071481
2096935;UBS SOLO SAGRADO;S;-20.780126180799286, -49.409625033041955
4361725;LABORATORIO AUSTA;N;-20.823636296325923, -49.36531896187686
2096838;UBS ELDORADO;S;-20.789661703491888, -49.402217113815006
2096927;UBS VILA MAYOR;S;-20.78203866566343, -49.38708768886111
7751494;UBS LEALDADE E AMIZADE;S;-20.75376517920279, -49.32908469146843
2096994;UBS JARDIM AMERICANO;S;-20.800051069550804, -49.35974457536914
0478849;UBS FRATERNIDADE;S;-20.876547562237626, -49.33630506607725
2096803;UBS GONZAGA DE CAMPOS;S;-20.81164153841066, -49.423847104204775
0478024;UBS LUZ DA ESPERANCA;S;-20.773062637986, -49.31731792332015
6410367;UBS JARDIM GABRIELA;S;-20.773062637986, -49.31731792332015
2096978;UBS SAO FRANCISCO;S;-20.84499801554194, -49.378185093877036
2036991;AGENCIA TRANSFUSIONAL DA SANTA CASA DE SAO JOSE DO RIO PRETO;N;-20.803804327596527, -49.38666180627313
7182651;UBS PARQUE NOVA ESPERANCA;S;-20.740794012716666, -49.41009874419126
2097095;UBS JARDIM SIMOES RENASCER;S;-20.76823887701267, -49.38435942044422
3850757;UBS CIDADE JARDIM;S;-20.847644108094848, -49.36197432025753
2096757;UBS ENGENHEIRO SCHIMIT;S;-20.86820595690288, -49.30692314374778
2097001;UBS VILA ELVIRA;S;-20.815027493860434, -49.36334066003575
2096811;AMBULATORIO MUNICIPAL;S;-20.814086779083574, -49.378446813585526
2096943;UBS JOAO PAULO II;S;-20.775905314730867, -49.3628874380387
6252869;AUSTACOR;N;-20.82287456116996, -49.36535959669404
6236596;HOSPITAL ESTADUAL JOAO PAULO II;S;-20.80683446734871, -49.35978534681226
9732721;USI AUSTA;N;-20.82208874225746, -49.36449949545809
3745546;HOSPITAL LAR NOSSA SENHORA DAS GRACAS NA PROVINDENCIA DE DEUS;N;-20.81743991887814, -49.37910508440026
2705443;;;
2705389;HEMAT SAO JOSE DO RIO PRETO;N;-20.8186005040761, -49.38703462514706
9579435;ULTRA X MEDICINA DIAGNOSTICA;N;-20.802832832083972, -49.387718390486576
4648285;TELE UPA;S;-20.825594064139533, -49.38278041531539
6491642;CAE SAD;S;-20.798085421108098, -49.37779921634537
2793350;ULTRAX SANTA CASA ;N;-20.802827364845154, -49.38772274289197
9383190;CASSI SAO JOSE DO RIO PRETO;N;-20.815261477366427, -49.4006451002583
3529282;HOSPITAL MUNICIPAL DOMINGO MARCOLINO BRAILE FUNFARME;S;-20.790203564244123, -49.41314166175536
0876720;SECONCI;N;-20.819851263292026, -49.38386687336585
2037068;IAMSPE SAO JOSE DO RIO PRETO;N;-20.83763545409754, -49.36531850464348
4198832;POSTO DE COLETA LABORATORIO TAJARA UNIDADE DAMHA;N;-20.804759134954946, -49.348591159421915
9661344;HEMAT POSTO DE COLETA BENEFICIENCIA PORTUGUESA;N;-20.82245866878279, -49.39023526609395
5776643;A DE CARVALHO CLINICA;N;-20.808895372745347, -49.384872774623496
2080761;HOSPITAL DO CORACAO DO IMC;N;-20.82264494251991, -49.39146627705643
2097052;CAPS AD NORTE;S;-20.773018697184675, -49.37332928991193
2804794;;;
2705036;BANCO DE SANGUE BENEFICIENCIA PORTUGUESA;N;-20.822297483386148, -49.39022817290742
9204105;UNIMED SAO JOSE DO RIO PRETO EMD PREV;N;-20.84028630620094, -49.41103238540299
2705648;SECRETARIA MUNICIPAL DE SAUDE;S;-20.825852459092765, -49.38285366356918
9320369;CLINICA DRA CLAUDIA HELENA BORGES RIBEIRO;N;-20.825785928458885, -49.39299070605997
2097036;AMBULATORIO DE DOENCAS CRONICAS TRANSMISSIVEIS;S;-20.7966035031626, -49.379766659343275
2058901;IMC INSTITUTO DE MOLESTIAS CARDIOVASCULARES;N;-20.822571431976083, -49.39094547668326
2096854;UPA CENTRAL;S;-20.81298851734779, -49.37444286600216
2097605;HOSPITAL IELAR;S;-20.813083665559624, -49.391775413159756
2793334;ESPACO SAUDE UNIDADE INFANTIL;N;-20.848406793597228, -49.394110270731204
3404838;PALMEGIANI ROMANIA SERVICOS MEDICOS LTDA;N;-20.822211454831727, -49.36430835367201
6271146;CENTRO DE HEMATOLOGIA E PSIQUIATRIA;N;-20.816185507091223, -49.3959356533212
2073048;INSTITUTO DO CORACAO RIO PRETO;N;-20.84754360710039, -49.39313207378478
6668054;UNIDADE DE VACINACAO UNIMED;N;-20.820765198544102, -49.38702938290055
2823454;CAPS INFANTIL NORTE;S;-20.767569852080204, -49.37872060198469
7408692;POSTO DE COLETA LABORATORIO TAJARA SANTA HELENA;N;-20.771470505080945, -49.38619026475735
2093537;HEMOCENTRO SAO JOSE DO RIO PRETO;S;-20.82736243630628, -49.400117546532144
5982081;AMBULATORIO MUNICIPAL DE HEPATITES VIRAIS;S;-20.817964259000295, -49.38484190546121
6056148;AME AMBULATORIO MED DE ESPECIALIDADES DE S J DO RIO PRETO;S;-20.806722916304338, -49.35948425460822
6908233;LABORATORIO DE TUBERCULOSE E HANSENIASE;S;-20.818688703851798, -49.38087934168525
7236220;A G O SERVICOS MEDICOS LTDA;N;-20.845139299956017, -49.401183387220165
7694695;CEO NORTE SAO JOSE DO RIO PRETO;S;-20.77990811172642, -49.409695961878256
2793288;AGENCIA TRANSFUSIONAL DO HOSPITAL SANTA HELENA SJ RIO PRETO;N;-20.816181237803118, -49.38436194653226
7191766;CLINICA DE ENDOSCOPIA DIGESTIVA SANTA HELENA FILIAL;N;-20.820001333784067, -49.38440276653361
2097133;CTACOAS CENTRO DE TESTAGEM E ACONSELHAMENTO EM DSTAIDS;S;-20.79948856229855, -49.378464244631374
2059762;CENTRO MEDICINA DE REABILITACAO E TRAT DA DOR SJRPRETO;N;-20.806066352512563, -49.37539365783425
2793342;ULTRA X FILIAL HOSPITAL AUSTA SAO JOSE DO RIO PRETO;N;-20.822074079175096, -49.36449656791095
5505860;LABORATORIO MUNICIPAL DE PATOLOGIA CLINICA;S;-20.79787145105346, -49.37754050420526
3220168;CENTRO MEDICO PRO INFANCIA;N;-20.830991108290284, -49.39854181769567
3179613;UBS CONTINENTAL;S;-23.43282011491518, -46.549756661787384
2695111;UNIDADE DE PRONTO ATENDIMENTO PAMPULHA;S;-19.870535331135844, -44.00110160423501
7408714;POSTO DE COLETA DR TAJARA INSTITUTO PRO CARDIACO;N;-20.8262799086075, -49.39245434653216
2758261;CDA NAOUM CENTRO DIAGNOSTICO DE ANEMIAS SJRPRETO;N;-20.827066719472374, -49.3958310564119
7341091;UNIDADE ONCOLOGICA HB SAUDE;N;-20.828138968668878, -49.39758976276931
2096889;CRECHE AMOR PARQUE INDUSTRIAL;S;-20.806348750372404, -49.39545490208484
3177092;HIORP HOSPITAL INSTITUTO DE OTORRINO RIO PRETO;N;-20.844713180750528, -49.393208871364806
3573249;CAPS INFANTIL CENTRO;S;-20.815455958134358, -49.3752449904248
9755144;ULTRAX UNIDADE BOA VISTA;N;-20.802843792578795, -49.387704390713665
2096765;CENTRO MEDICO DE ESPECIALIDADES;S;-20.826716780764055, -49.38637618885984
7172060;CENTRO DE REGULACAO DRS XV S J ;S;-20.828739536262262, -49.42319957453864
2044374;BETEL MOVIMENTO DE RECUPERACAO DE TOXICOMANOS SJRPRETO;N;-20.811764684181213, -49.366638530273505
2705028;ASSOCIACAO RENASCER SAO JOSE DO RIO PRETO;S;-20.83192196496052, -49.34783935875853
2097648;HOSPITAL BEZERRA DE MENEZES;S;-20.793659910802155, -49.38092310420544
7936982;TOMOGRAFIA CENTRO DO CEREBRO E COLUNA HOSPITAL AUSTA;N;-20.822927121104872, -49.36502873304065
2705427;LABORATORIO IMEDI;N;-20.803801041683492, -49.38665984372162
3017745;NUCLEO DE DIAGNOSTICO E HOSPITAL DIA;S;-20.799823980784392, -49.377967775369065
3535770;CM CLINICA MEDICA;N;-20.82221458076747, -49.364312575368416
5072182;ESPACO SAUDE;N;-20.818816393583212, -49.38553967556166
7010028;CENTRO DE ATENDIMENTO ESPECIALIZADO NA SAUDE DA MULHER;S;-20.79698198078654, -49.37753949071395
7343256;CAPS AD III ENGENHEIRO SCHMITT;S;-20.871716030022135, -49.30810671082317
0518743;CLAYTON LUIS DE AVILA;N;-20.86707431628132, -49.413902219843955
0405531;CLINICA DE RECUPERACAO NOVA ESPERANCA;N;-20.874853278489574, -49.347784712020456
9147438;DR PARA TODOS;N;-20.8129980312491, -49.38600198117539
0756350;UNIDADE AIR;N;-20.842490673652204, -49.401997756758576
9337903;BRUNO HERNANDES PEREIRA;N;-20.811839338384157, -49.391798661877246
0911305;UNIMED SAO JOSE DO RIO PRETO PLAZA;N;-20.827200427046257, -49.38639933564085
6364152;CASF SANTO ANTONIO;S;-20.74075682621071, -49.40996396167785
0962511;ABC CENTRO DE ESTUDO E INTERVENCAO COMPORTAMENTAL;N;-20.823343789773016, -49.40842657314686
9896163;POSTO DE COLETA LABORATORIO TAJARA CIDADE NORTE;N;-20.7714580437829, -49.3862157330424
9003576;ACADEMIA DA SAUDE RIO PRETO;S;-20.845285717147203, -49.34597304053633
9661360;HEMAT CLINICA MEDICA;N;-20.81839918077041, -49.38737287536855
7294336;CIRURGIA PLASTICA CANTARELLI;N;-20.83292499856167, -49.4010343907128
4455894;CENTRO MEDICO DE ESPECIALIDADES REGIAO NORTE;S;-20.761480030964105, -49.39414074664125
4454421;ADRIANA SOLDA RODINO;N;-20.82697713275155, -49.389313651765335
4792467;UNIMEDI RIO PRETO LABORATORIO;N;-20.82066402684697, -49.38699158886
2793318;;;
